{"altitude": [449.9185, 450.8776, 449.4561, 450.6424, 450.8829, 451.8288, 451.5963, 451.5963, 451.5937, 451.1286, 451.8315, 450.8855, 451.599, 451.591, 451.8209, 451.5831, 452.0587, 451.8235, 451.3532, 451.591, 451.6042, 451.5963, 451.6016, 451.3664, 450.6504, 450.904, 452.0877, 451.377, 451.1392, 451.6095, 451.377, 451.6148, 451.6201, 451.3955, 451.8684, 452.1062, 452.8091, 453.2768, 452.3467, 452.5687, 452.1062, 452.1116, 452.8197, 451.3955, 452.1168, 451.4219, 452.611, 452.8435, 453.3112, 453.3112, 452.6056, 452.8435, 454.0219, 453.549, 454.2624, 453.7973, 453.7894, 454.0272, 454.2703], "temperature": [22.98, 22.96, 22.93, 22.95, 22.94, 22.96, 22.94, 22.94, 22.95, 22.92, 22.95, 22.93, 22.94, 22.96, 22.98, 22.98, 22.99, 22.97, 22.96, 22.96, 22.93, 22.94, 22.93, 22.92, 22.93, 22.89, 22.9, 22.89, 22.89, 22.91, 22.89, 22.89, 22.88, 22.85, 22.85, 22.86, 22.88, 22.91, 22.85, 22.89, 22.85, 22.84, 22.86, 22.85, 22.83, 22.78, 22.78, 22.79, 22.82, 22.82, 22.8, 22.8, 22.83, 22.82, 22.82, 22.79, 22.81, 22.81, 22.8], "atmospheric_pressure": [960.36, 960.25, 960.4099, 960.27, 960.25, 960.14, 960.16, 960.16, 960.17, 960.22, 960.14, 960.25, 960.16, 960.17, 960.14, 960.17, 960.11, 960.14, 960.19, 960.17, 960.16, 960.16, 960.16, 960.19, 960.27, 960.24, 960.11, 960.19, 960.22, 960.16, 960.19, 960.16, 960.16, 960.19, 960.13, 960.11, 960.03, 959.9699, 960.08, 960.05, 960.11, 960.11, 960.02, 960.19, 960.11, 960.19, 960.05, 960.02, 959.9699, 959.9699, 960.05, 960.02, 959.89, 959.94, 959.8599, 959.9099, 959.9099, 959.89, 959.8599], "humidity": [46.83594, 46.83399, 46.83203, 46.83301, 46.83203, 46.83399, 46.83203, 46.83203, 46.83301, 46.83008, 46.83301, 46.83203, 46.83203, 46.83399, 46.83594, 46.83594, 46.83594, 46.83496, 46.83399, 46.83399, 46.83008, 46.83203, 46.83105, 46.83008, 46.83008, 46.82617, 46.82715, 46.82617, 46.82617, 46.8291, 46.82617, 46.82617, 46.82519, 46.83301, 46.83399, 46.83399, 46.82519, 46.82715, 46.83301, 46.82617, 46.83399, 46.83203, 46.83399, 46.83203, 46.83105, 46.82519, 46.82519, 46.82715, 46.83008, 46.83008, 46.82715, 46.82715, 46.83105, 46.83008, 46.83008, 46.82715, 46.8291, 46.8291, 46.82715], "time": ["01:36:24", "01:37:24", "01:38:24", "01:39:24", "01:40:24", "01:41:24", "01:42:24", "01:43:24", "01:44:24", "01:45:24", "01:46:24", "01:47:24", "01:48:24", "01:49:24", "01:50:24", "01:51:24", "01:52:24", "01:53:24", "01:54:24", "01:55:24", "01:56:24", "01:57:24", "01:58:24", "01:59:24", "02:00:24", "02:01:24", "02:02:24", "02:03:24", "02:04:24", "02:05:24", "02:06:24", "02:07:24", "02:08:24", "02:09:24", "02:10:24", "02:11:24", "02:12:24", "02:13:24", "02:14:24", "02:15:24", "02:16:24", "02:17:24", "02:18:24", "02:19:24", "02:20:24", "02:21:24", "02:22:24", "02:23:24", "02:24:24", "02:25:24", "02:26:24", "02:27:24", "02:28:24", "02:29:24", "02:30:24", "02:31:24", "02:32:24", "02:33:24", "02:34:24"], "date": ["2022-01-02", "2022-01-02", "2022-01-02", "2022-01-02", "2022-01-02", "2022-01-02", "2022-01-02", "2022-01-02", "2022-01-02", "2022-01-02", "2022-01-02", "2022-01-02", "2022-01-02", "2022-01-02", "2022-01-02", "2022-01-02", "2022-01-02", "2022-01-02", "2022-01-02", "2022-01-02", "2022-01-02", "2022-01-02", "2022-01-02", "2022-01-02", "2022-01-02", "2022-01-02", "2022-01-02", "2022-01-02", "2022-01-02", "2022-01-02", "2022-01-02", "2022-01-02", "2022-01-02", "2022-01-02", "2022-01-02", "2022-01-02", "2022-01-02", "2022-01-02", "2022-01-02", "2022-01-02", "2022-01-02", "2022-01-02", "2022-01-02", "2022-01-02", "2022-01-02", "2022-01-02", "2022-01-02", "2022-01-02", "2022-01-02", "2022-01-02", "2022-01-02", "2022-01-02", "2022-01-02", "2022-01-02", "2022-01-02", "2022-01-02", "2022-01-02", "2022-01-02", "2022-01-02"]}